Christian McCaffrey,RB
Justin Jefferson,WR
CeeDee Lamb,WR
Breece Hall,RB
Tyreek Hill,WR
Bijan Robinson,RB
Jonathan Taylor,RB
Ja'Marr Chase,WR
Amon-Ra St. Brown,WR
Jahmyr Gibbs,RB
Kyren Williams,RB
A.J. Brown,WR
Sam LaPorta,TE
Puka Nacua,WR
Travis Etienne Jr.,RB
Brandon Aiyuk,WR
DJ Moore,WR
Saquon Barkley,RB
Deebo Samuel,WR
De'Von Achane,RB
Garrett Wilson,WR
Josh Allen,QB
Kenneth Walker III,RB
Marvin Harrison Jr.,WR
Chris Olave,WR
Jalen Hurts,QB
Rachaad White,RB
Isiah Pacheco,RB
Lamar Jackson,QB
Nico Collins,WR
Davante Adams,WR
James Cook,RB
Mike Evans,WR
DK Metcalf,WR
Patrick Mahomes II,QB
Josh Jacobs,RB
David Montgomery,RB
Tank Dell,WR
Mark Andrews,TE
Stefon Diggs,WR
Keenan Allen,WR
C.J. Stroud,QB
Michael Pittman Jr.,WR
Amari Cooper,WR
Jaylen Waddle,WR
James Conner,RB
Derrick Henry,RB
Anthony Richardson,QB
Rhamondre Stevenson,RB
Rashee Rice,WR
Tee Higgins,WR
Alvin Kamara,RB
Joe Mixon,RB
DeVonta Smith,WR
Malik Nabers,WR
Dak Prescott,QB
Tony Pollard,RB
Aaron Jones,RB
Travis Kelce,TE
Cooper Kupp,WR
Joe Burrow,QB
Najee Harris,RB
Nick Chubb,RB
Rome Odunze,WR
Justin Fields,QB
Jayden Reed,WR
Calvin Ridley,WR
Raheem Mostert,RB
Javonte Williams,RB
Jordan Addison,WR
Tyjae Spears,RB
D'Andre Swift,RB
Zay Flowers,WR
Brian Robinson Jr.,RB
Trey McBride,TE
Drake London,WR
Austin Ekeler,RB
Christian Watson,WR
DeAndre Hopkins,WR
George Pickens,WR
George Kittle,TE
Christian Kirk,WR
Zamir White,RB
Justin Herbert,QB
Terry McLaurin,WR
Chris Godwin,WR
Jaylen Warren,RB
Diontae Johnson,WR
Kyler Murray,QB
Courtland Sutton,WR
Brock Purdy,QB
Khalil Herbert,RB
David Njoku,TE
Jordan Love,QB
Jaxon Smith-Njigba,WR
Chuba Hubbard,RB
Devin Singletary,RB
Jakobi Meyers,WR
Jerome Ford,RB
Evan Engram,TE
Brock Bowers,TE
Gabe Davis,WR
Mike Williams,WR
Marquise Brown,WR
Tyler Lockett,WR
Zach Charbonnet,RB
Tua Tagovailoa,QB
Jameson Williams,WR
Trevor Lawrence,QB
Roschon Johnson,RB
Ty Chandler,RB
Gus Edwards,RB
Romeo Doubs,WR
Josh Downs,WR
Tyler Allgeier,RB
Brandin Cooks,WR
Zack Moss,RB
Rashid Shaheed,WR
Kendre Miller,RB
Chase Brown,RB
Jahan Dotson,WR
Jake Ferguson,TE
Jerry Jeudy,WR
Dallas Goedert,TE
Bucky Irving,RB
AJ Dillon,RB
Keon Coleman,WR
Kyle Pitts,TE
Jared Goff,QB
Dalton Kincaid,TE
Dameon Pierce,RB
T.J. Hockenson,TE
Adam Thielen,WR
J.K. Dobbins,RB
Cole Kmet,TE
Antonio Gibson,RB
Trey Benson,RB
Matthew Stafford,QB
Blake Corum,RB
Marvin Mims Jr.,WR
Jonathon Brooks,RB
Alexander Mattison,RB
Keaton Mitchell,RB
Ezekiel Elliott,RB
Caleb Williams,QB
Joshua Palmer,WR
Curtis Samuel,WR
Dalton Schultz,TE
Kirk Cousins,QB
Deshaun Watson,QB
Brian Thomas Jr.,WR
Elijah Moore,WR
Elijah Mitchell,RB
Quentin Johnston,WR
Pat Freiermuth,TE
Miles Sanders,RB
Jaleel McLaughlin,RB
Michael Wilson,WR
Darius Slayton,WR
Adonai Mitchell,WR
Michael Mayer,TE
Baltimore Ravens DST,DST
Khalil Shakir,WR
Darren Waller,TE
Wan'Dale Robinson,WR
Aaron Rodgers,QB
Dontayvion Wicks,WR
Braelon Allen,RB
Geno Smith,QB
San Francisco 49ers DST,DST
D'Onta Foreman,RB
Baker Mayfield,QB
Odell Beckham Jr.,WR
Justin Tucker,K
Kenneth Gainwell,RB
Rashod Bateman,WR
Troy Franklin,WR
Dallas Cowboys DST,DST
Brandon Aubrey,K
Jalin Hyatt,WR
Darnell Mooney,WR
Tucker Kraft,TE
Cleveland Browns DST,DST
Miami Dolphins DST,DST
Daniel Jones,QB
Jayden Daniels,QB
Buffalo Bills DST,DST
Devontez Walker,WR
Rico Dowdle,RB
Ladd McConkey,WR
Demario Douglas,WR
Treylon Burks,WR
DJ Chark Jr.,WR
New York Jets DST,DST
Luke Musgrave,TE
Jason Sanders,K
Zay Jones,WR
Juwan Johnson,TE
Jake Elliott,K
Tyler Boyd,WR
Jamaal Williams,RB
Alec Pierce,WR
Ja'Lynn Polk,WR
Clyde Edwards-Helaire,RB
Derek Carr,QB
Harrison Butker,K
Philadelphia Eagles DST,DST
Isaiah Likely,TE
Kansas City Chiefs DST,DST
Malachi Corley,WR
New Orleans Saints DST,DST
Justice Hill,RB
Tyler Bass,K
Hunter Henry,TE
Michael Thomas,WR
Ja'Tavion Sanders,TE
Xavier Worthy,WR
Audric Estime,RB
Roman Wilson,WR
Pittsburgh Steelers DST,DST
Michael Gallup,WR
Minnesota Vikings DST,DST
Jonathan Mingo,WR
Denver Broncos DST,DST
Jake Moody,K
Russell Wilson,QB
Kareem Hunt,RB
Xavier Legette,WR
Will Levis,QB
Taysom Hill,TE
Younghoe Koo,K
Ka'imi Fairbairn,K
Chicago Bears DST,DST
Andrei Iosivas,WR
Jordan Mason,RB
Bryce Young,QB
Cameron Dicker,K
New England Patriots DST,DST
Demarcus Robinson,WR
Rondale Moore,WR
K.J. Osborn,WR
Pierre Strong Jr.,RB
Houston Texans DST,DST
Josh Reynolds,WR
Dustin Hopkins,K
Jerick McKinnon,RB
Evan McPherson,K
Drake Maye,QB
Jeff Wilson Jr.,RB
Cedric Tillman,WR
Chigoziem Okonkwo,TE
Cade Otton,TE
A.T. Perry,WR
Kendrick Bourne,WR
Matt Gay,K
Michael Carter,RB
Ray Davis,RB
Cairo Santos,K
Jalen McMillan,WR
Jason Myers,K
Tank Bigsby,RB
DeVante Parker,WR
Indianapolis Colts DST,DST
Cincinnati Bengals DST,DST
Joshua Kelley,RB
Gerald Everett,TE
Israel Abanikanda,RB
Emari Demercado,RB
Trey Palmer,WR
Samaje Perine,RB
Kadarius Toney,WR
Blake Grupe,K
Tutu Atwell,WR
Marquez Valdes-Scantling,WR
Wil Lutz,K
Robert Woods,WR
Detroit Lions DST,DST
Daniel Carlson,K
Jacksonville Jaguars DST,DST
Tyler Scott,WR
Noah Fant,TE
Chris Rodriguez Jr.,RB
Allen Lazard,WR
Brandon McManus,K
Damien Harris,RB
Tyler Higbee,TE
Dalvin Cook,RB
Noah Brown,WR
Tyler Conklin,TE
Will Shipley,RB
Dawson Knox,TE
Jelani Woods,TE
Kenny Pickett,QB
John Metchie III,WR
Los Angeles Rams DST,DST
Las Vegas Raiders DST,DST
Logan Thomas,TE
Greg Zuerlein,K
Green Bay Packers DST,DST
Ronnie Rivers,RB
