CeeDee Lamb,WR
Christian McCaffrey,RB
Tyreek Hill,WR
Ja'Marr Chase,WR
Justin Jefferson,WR
Amon-Ra St. Brown,WR
Breece Hall,RB
Bijan Robinson,RB
Garrett Wilson,WR
A.J. Brown,WR
Puka Nacua,WR
Jahmyr Gibbs,RB
Jonathan Taylor,RB
Davante Adams,WR
Kyren Williams,RB
Chris Olave,WR
Brandon Aiyuk,WR
DJ Moore,WR
Sam LaPorta,TE
Saquon Barkley,RB
Michael Pittman Jr.,WR
Travis Etienne Jr.,RB
Josh Allen,QB
Nico Collins,WR
Rachaad White,RB
Travis Kelce,TE
Jalen Hurts,QB
Lamar Jackson,QB
De'Von Achane,RB
Deebo Samuel,WR
Stefon Diggs,WR
Isiah Pacheco,RB
Patrick Mahomes II,QB
Rashee Rice,WR
Jaylen Waddle,WR
Mike Evans,WR
Keenan Allen,WR
Drake London,WR
James Cook,RB
DK Metcalf,WR
DeVonta Smith,WR
Josh Jacobs,RB
Amari Cooper,WR
Cooper Kupp,WR
Kenneth Walker III,RB
Tank Dell,WR
Alvin Kamara,RB
Trey McBride,TE
C.J. Stroud,QB
Tee Higgins,WR
Marvin Harrison Jr.,WR
Anthony Richardson,QB
Zay Flowers,WR
Christian Kirk,WR
Rhamondre Stevenson,RB
Mark Andrews,TE
Joe Mixon,RB
Derrick Henry,RB
Terry McLaurin,WR
Calvin Ridley,WR
Joe Burrow,QB
Chris Godwin,WR
Aaron Jones,RB
Dak Prescott,QB
David Montgomery,RB
George Pickens,WR
Jaxon Smith-Njigba,WR
DeAndre Hopkins,WR
Jordan Addison,WR
Jayden Reed,WR
James Conner,RB
Tony Pollard,RB
Tyjae Spears,RB
Diontae Johnson,WR
Evan Engram,TE
Malik Nabers,WR
Marquise Brown,WR
Javonte Williams,RB
Tyler Lockett,WR
D'Andre Swift,RB
Christian Watson,WR
George Kittle,TE
Courtland Sutton,WR
Najee Harris,RB
Nick Chubb,RB
Austin Ekeler,RB
Jaylen Warren,RB
David Njoku,TE
Mike Williams,WR
Brian Robinson Jr.,RB
Josh Downs,WR
Rome Odunze,WR
Zamir White,RB
Jakobi Meyers,WR
Jordan Love,QB
Dalton Kincaid,TE
Kyler Murray,QB
Brock Purdy,QB
Raheem Mostert,RB
Kyle Pitts,TE
Justin Herbert,QB
Chuba Hubbard,RB
Zach Charbonnet,RB
Romeo Doubs,WR
Adam Thielen,WR
Jameson Williams,WR
Jahan Dotson,WR
Gabe Davis,WR
Jerry Jeudy,WR
Devin Singletary,RB
Tua Tagovailoa,QB
Roschon Johnson,RB
Trevor Lawrence,QB
Brandin Cooks,WR
Khalil Herbert,RB
Jerome Ford,RB
Dallas Goedert,TE
Chase Brown,RB
Elijah Moore,WR
Jake Ferguson,TE
Jared Goff,QB
Kirk Cousins,QB
Rashid Shaheed,WR
Antonio Gibson,RB
T.J. Hockenson,TE
Zack Moss,RB
Quentin Johnston,WR
Ty Chandler,RB
Matthew Stafford,QB
Curtis Samuel,WR
Wan'Dale Robinson,WR
Joshua Palmer,WR
Kendre Miller,RB
Justin Fields,QB
Demario Douglas,WR
Cole Kmet,TE
Marvin Mims Jr.,WR
Tyler Allgeier,RB
Zay Jones,WR
Gus Edwards,RB
Tyler Boyd,WR
Caleb Williams,QB
Deshaun Watson,QB
Rashod Bateman,WR
Pat Freiermuth,TE
Khalil Shakir,WR
Jonathan Mingo,WR
Dalton Schultz,TE
Darren Waller,TE
AJ Dillon,RB
Baker Mayfield,QB
Aaron Rodgers,QB
Darnell Mooney,WR
Michael Mayer,TE
Jalin Hyatt,WR
Keon Coleman,WR
Ezekiel Elliott,RB
Baltimore Ravens,DST
Dontayvion Wicks,WR
Michael Wilson,WR
Blake Corum,RB
Jaleel McLaughlin,RB
San Francisco 49ers,DST
Luke Musgrave,TE
Geno Smith,QB
Treylon Burks,WR
Darius Slayton,WR
Justin Tucker,K
Miles Sanders,RB
Trey Benson,RB
J.K. Dobbins,RB
Dameon Pierce,RB
Michael Thomas,WR
Cleveland Browns,DST
Tucker Kraft,TE
Dallas Cowboys,DST
Jayden Daniels,QB
Brandon Aubrey,K
Odell Beckham Jr.,WR
Kenneth Gainwell,RB
Juwan Johnson,TE
Daniel Jones,QB
Miami Dolphins,DST
New York Jets,DST
Buffalo Bills,DST
Jason Sanders,K
Adonai Mitchell,WR
Alexander Mattison,RB
Derek Carr,QB
Chigoziem Okonkwo,TE
DJ Chark Jr.,WR
Alec Pierce,WR
Kansas City Chiefs,DST
Will Levis,QB
Jake Elliott,K
Harrison Butker,K
Braelon Allen,RB
Brock Bowers,TE
Troy Franklin,WR
Cedric Tillman,WR
Keaton Mitchell,RB
Xavier Worthy,WR
Philadelphia Eagles,DST
Michael Gallup,WR
Ladd McConkey,WR
Hunter Henry,TE
New Orleans Saints,DST
Elijah Mitchell,RB
Tyler Bass,K
Russell Wilson,QB
Pittsburgh Steelers,DST
Rico Dowdle,RB
Rondale Moore,WR
Minnesota Vikings,DST
K.J. Osborn,WR
Jamaal Williams,RB
Ja'Lynn Polk,WR
Andrei Iosivas,WR
Bryce Young,QB
Drake Maye,QB
Kendrick Bourne,WR
Cade Otton,TE
Jake Moody,K
Younghoe Koo,K
Ka'imi Fairbairn,K
Kadarius Toney,WR
Chicago Bears,DST
Jonathon Brooks,RB
Xavier Legette,WR
Cameron Dicker,K
Gerald Everett,TE
Evan McPherson,K
Roman Wilson,WR
Houston Texans,DST
Dustin Hopkins,K
Denver Broncos,DST
Isaiah Likely,TE
Ricky Pearsall,WR
Demarcus Robinson,WR
Josh Reynolds,WR
Devontez Walker,WR
New England Patriots,DST
Trey Palmer,WR
DeVante Parker,WR
Justice Hill,RB
Jaylen Wright,RB
Cincinnati Bengals,DST
Noah Fant,TE
Brian Thomas Jr.,WR
Jason Myers,K
Matt Gay,K
Clyde Edwards-Helaire,RB
Tyler Conklin,TE
Malachi Corley,WR
Jerick McKinnon,RB
Indianapolis Colts,DST
Cairo Santos,K
Jeff Wilson Jr.,RB
D'Onta Foreman,RB
A.T. Perry,WR
Michael Carter,RB
Robert Woods,WR
Noah Brown,WR
MarShawn Lloyd,RB
Tyler Scott,WR
Tyler Higbee,TE
Jacksonville Jaguars,DST
Israel Abanikanda,RB
Samaje Perine,RB
Hunter Renfrow,WR
Marquez Valdes-Scantling,WR
Brandon McManus,K
Bucky Irving,RB
Audric Estime,RB
Taysom Hill,TE
Daniel Carlson,K
J.J. McCarthy,QB
Blake Grupe,K
Wil Lutz,K
Detroit Lions,DST
Brenden Rice,WR
Jacob Cowing,WR
Evan Hull,RB
Dawson Knox,TE
Kareem Hunt,RB
Jalen McMillan,WR
Logan Thomas,TE
Dalvin Cook,RB
Ja'Tavion Sanders,TE
Green Bay Packers,DST
Greg Zuerlein,K
Las Vegas Raiders,DST
Los Angeles Rams,DST
Tank Bigsby,RB
Greg Joseph,K
Pierre Strong Jr.,RB
Chris Boswell,K
John Metchie III,WR
Emari Demercado,RB
Ray Davis,RB
