Justin Jefferson,WR
CeeDee Lamb,WR
Tyreek Hill,WR
Ja'Marr Chase,WR
Amon-Ra St. Brown,WR
Brandon Aiyuk,WR
Puka Nacua,WR
DJ Moore,WR
Deebo Samuel,WR
Garrett Wilson,WR
Marvin Harrison Jr.,WR
Chris Olave,WR
DJ Moore,WR
Saquon Barkley,WR
Brandon Aiyuk,WR
Rashid Shaheed,WR
Tank Dell,WR
Christian Watson,WR
DeAndre Hopkins,WR
George Pickens,WR
Jaylen Waddle,WR
Jaylen Waddle,WR
Raheem Mostert,WR
George Pickens,WR
Dallas Goedert,TE
Stefon Diggs,WR
Keenan Allen,WR
Michael Pittman Jr.,WR
Amari Cooper,WR
Calvin Ridley,WR
Zay Flowers,WR
Calvin Ridley,WR
Drake London,WR
Austin Ekeler,WR
Zay Flowers,WR
Amari Cooper,WR
Jerry Jeudy,WR
Courtland Sutton,WR
Michael Gallup,WR
Michael Thomas,WR
Michael Thomas,WR
Auden Tate,WR
K.J. Osborn,WR
Isaiah Likely,TE
Justice Hill,WR
Trey Palmer,WR
Kendrick Bourne,WR
Elijah Moore,WR
Quentin Johnston,WR
Jaleel McLaughlin,WR
Jalen McMillan,WR
Tutu Atwell,WR
Rondale Moore,WR
Rico Dowdle,WR
Brandon McManus,WR
Donovan Peoples-Jones,WR
Travis Fulgham,WR
Olamide Zaccheaus,WR
Willie Snead IV,WR
Lil'Jordan Humphrey,WR
Tony Jones Jr.,WR
Marcus Johnson,WR
Austin Mack,WR
Antoine Wesley,WR
Rashod Bateman,WR
K.J. Osborn,WR
Tutu Atwell,WR
Dwayne Eskridge,WR
Nico Collins,WR
DJ Chark Jr.,WR
Damion Willis,WR
Marquez Valdes-Scantling,WR
Tylan Wallace,WR
La'Mical Perine,WR
Emmanuel Sanders,WR
Cornell Powell,WR
Tyron Johnson,WR
Olamide Zaccheaus,WR
Jaelon Darden,WR
Kalif Raymond,WR
Tim Patrick,WR
Noah Gray,TE
Juwan Johnson,WR
Dwayne Eskridge,WR
Dezmon Patmon,WR
David Sills V,WR
C.J. Board,WR
Dez Fitzpatrick,WR
Damiere Byrd,WR
Michael Thomas,WR
Donovan Peoples-Jones,WR
Marquez Callaway,WR
Darnell Mooney,WR
Jake Ferguson,TE
Tyler Boyd,WR
Greg Ward,WR
Kadarius Toney,WR
Willie Snead IV,WR
Riley Ridley,WR
Kalif Raymond,WR
Cedrick Wilson,WR
Geronimo Allison,WR
Quez Watkins,WR
Tyler Johnson,WR
Andy Isabella,WR
Isaiah Ford,WR
Gabriel Davis,WR
Brandon Powell,WR
Darrius Shepherd,WR
Olamide Zaccheaus,WR
Christian Kirk,WR
Tutu Atwell,WR
